id_resultat,id_resultat_source,source,id_athlete_base_resultats,id_personne,athlete_nom,athlete_prenom,id_equipe,equipe_en,id_pays,pays_en_base_resultats,classement_epreuve,performance_finale_texte,performance_finale,id_evenement,evenement,evenement_en,categorie_age,id_edition,id_competition_sport,competition_en,id_type_competition,type_competition,edition_saison,date_debut_edition,date_fin_edition,id_ville_edition,edition_ville_en,id_nation_edition_base_resultats,edition_nation_en,id_sport,sport,sport_en,id_discipline_administrative,discipline_administrative,id_specialite,specialite,id_epreuve,epreuve,epreuve_genre,epreuve_type,est_epreuve_individuelle,est_epreuve_olympique,est_epreuve_ete,est_epreuve_handi,epreuve_sens_resultat,id_federation,federation,federation_nom_court,dt_creation,dt_modification
6202926,403344151,infostrada,NULL,NULL,NULL,NULL,163865,Krasnopolski/Conners,111,Israel,19,60.35,60350,666517,Pairs - Mixed,Pairs - Mixed,Senior,33826,330,Olympic Games,2,JO Hiver,2018,09/02/2018,25/02/2018,1088,Pyeongchang,162,Korea,57,Patinage artistique,Figure Skating,120,Patinage artistique,326,Patinage artistique,1446,Pairs - Mixte,Mixte,Double,0,1,0,0,1,80,Fédération Française des Sports de Glace,SPORTS DE GLACE,2024-06-07 14:48:22.793,2024-12-22 02:01:02.817
6202953,40452312,infostrada,13593973,-1,FANTELLI,Lucrezia,92135,Italy,113,Italy,24,NULL,NULL,560611,Ski Cross - Women,Ski Cross - Women,Senior,33829,216,Olympic Games,2,JO Hiver,2018,09/02/2018,25/02/2018,1088,Pyeongchang,162,Korea,6,Ski acrobatique,Freestyle Skiing,110,Ski freestyle,259,Ski freestyle,6801,Ski Cross - Femmes,Femmes,Individuel,1,1,0,0,0,58,Fédération Française de Ski,SKI,2024-06-07 14:48:22.793,2025-03-16 02:08:20.147
6191344,34603779,infostrada,4880957,-1,FLORIANI,Yuri,91594,Italy,113,Italy,32,30/11/2039 7:59,520800,662399,3000m Steeplechase - Men,3000m Steeplechase - Men,Senior,30322,413,Olympic Games,1,JO été,2016,05/08/2016,21/08/2016,1145,Rio de Janeiro,53,Brazil,28,Athlétisme,Athletics,251,Athlétisme disciplines olympiques,9,Demi-fond,146,3000m Steeplechase - Hommes,Hommes,Individuel,1,1,1,0,0,9,Fédération Française d'Athlétisme,ATHLETISME,2024-06-07 14:48:22.793,2025-03-31 03:07:57.530
6180951,709662614,infostrada,416538,-1,VAN DIJKE,Sanne,8805,Netherlands,161,Netherlands,3,NULL,NULL,413652,70kg - Women,70kg - Women,Senior,35887,432,Olympic Games,1,JO été,2020,23/07/2021,08/08/2021,785,Tokyo,59,Japan,61,Judo,Judo,68,Judo,112,Judo,1042,70kg - Femmes,Femmes,Individuel,1,1,1,0,0,36,Fédération Française de Judo-Jujitsu Kendo et Disciplines Associées,JUDO,2024-06-07 14:48:22.793,2024-10-02 03:00:57.673
6191389,52808741,infostrada,4961995,-1,NAGY,Richard,92037,Slovakia,209,Slovakia,23,18/12/2028 4:00,258290,549682,400m Individual Medley - Men,400m Individual Medley - Men,Senior,33971,301,Olympic Games,1,JO été,2020,23/07/2021,08/08/2021,785,Tokyo,59,Japan,65,Natation,Swimming,355,Natation course,150,Natation course bassin de 50m,38,400m 4 nages (individuel) - Hommes,Hommes,Individuel,1,1,1,0,0,44,Fédération Française de Natation,NATATION,2024-06-07 14:48:22.793,2024-10-02 03:00:57.673
6194833,403353648,infostrada,NULL,NULL,NULL,NULL,94904,China,46,China,17,30/11/2034 16:59,1055940,549998,Team Sprint Freestyle - Women,Team Sprint Freestyle - Women,Senior,33828,90,Olympic Games,2,JO Hiver,2018,09/02/2018,25/02/2018,1088,Pyeongchang,162,Korea,67,Ski de fond,Cross Country Skiing,108,Ski de fond,258,Ski de fond,893487,Par équipes Sprint Style libre - Femmes,Femmes,Equipe,0,1,0,0,0,58,Fédération Française de Ski,SKI,2024-06-07 14:48:22.793,2025-03-16 02:08:20.147
6199524,52817665,infostrada,4718872,-1,BRENNAUER,Lisa,98857,Germany,87,Germany,6,3:54,14071000,567350,Road race - Women,Road race - Women,Senior,35085,1203,Olympic Games,1,JO été,2020,23/07/2021,08/08/2021,785,Tokyo,59,Japan,37,Cyclisme - Route,Cycling - Road,23,Route,50,Course en ligne,6472,Course sur route - Femmes,Femmes,Individuel,1,1,1,0,0,21,Fédération Française de Cyclisme,CYCLISME,2024-06-07 14:48:22.793,2025-03-20 02:07:27.300
6194861,40331003,infostrada,4917403,-1,KRCMÁR,Michal,91429,Czech Republic,59,Czech Republic,30,01/06/2041 12:00,2201600,666511,12.5km Pursuit - Men,12.5km Pursuit - Men,Senior,33827,88,Olympic Games,2,JO Hiver,2018,09/02/2018,25/02/2018,1088,Pyeongchang,162,Korea,41,Biathlon,Biathlon,109,Biathlon,246,Biathlon,532,Poursuite 12.5km - Hommes,Hommes,Individuel,1,1,0,0,0,58,Fédération Française de Ski,SKI,2024-06-07 14:48:22.793,2025-03-31 03:07:57.530
6207482,34623405,infostrada,4845646,-1,ROLEDER,Cindy,94474,Germany,87,Germany,5,12.74,12740,535447,100m Hurdles - Women,100m Hurdles - Women,Senior,30322,413,Olympic Games,1,JO été,2016,05/08/2016,21/08/2016,1145,Rio de Janeiro,53,Brazil,28,Athlétisme,Athletics,251,Athlétisme disciplines olympiques,12,Haies,6590,100m Haies - Femmes,Femmes,Individuel,1,1,1,0,0,9,Fédération Française d'Athlétisme,ATHLETISME,2024-06-07 14:48:22.793,2025-03-31 03:07:57.530
6207510,40312993,infostrada,4962462,-1,FIALKOVÁ,Ivona,92348,Slovakia,209,Slovakia,74,31/05/2048 0:00,1488600,666512,7.5km Sprint - Women,7.5km Sprint - Women,Senior,33827,88,Olympic Games,2,JO Hiver,2018,09/02/2018,25/02/2018,1088,Pyeongchang,162,Korea,41,Biathlon,Biathlon,109,Biathlon,246,Biathlon,6803,Sprint 7.5km - Femmes,Femmes,Individuel,1,1,0,0,0,58,Fédération Française de Ski,SKI,2024-06-07 14:48:22.793,2025-03-31 03:07:57.530
6211030,53016584,infostrada,4824722,-1,GARCÍA,Jesús Ángel,95223,Spain,69,Spain,35,4:10,15003000,667223,50km Walk - Men,50km Walk - Men,Senior,35870,413,Olympic Games,1,JO été,2020,23/07/2021,08/08/2021,785,Tokyo,59,Japan,28,Athlétisme,Athletics,251,Athlétisme disciplines olympiques,15,Marche athlétique,15,50km Marche - Hommes,Hommes,Individuel,1,0,1,0,0,9,Fédération Française d'Athlétisme,ATHLETISME,2024-06-07 14:48:22.793,2025-03-31 03:07:57.530
6203230,34571159,infostrada,4919037,-1,BENEDETTI,Giordano,91594,Italy,113,Italy,20,30/11/2045 1:00,106410,529675,800m - Men,800m - Men,Senior,30322,413,Olympic Games,1,JO été,2016,05/08/2016,21/08/2016,1145,Rio de Janeiro,53,Brazil,28,Athlétisme,Athletics,251,Athlétisme disciplines olympiques,9,Demi-fond,299,800m - Hommes,Hommes,Individuel,1,1,1,0,0,9,Fédération Française d'Athlétisme,ATHLETISME,2024-06-07 14:48:22.793,2025-03-31 03:07:57.530
6191575,40394547,infostrada,4717254,-1,TSUBOTA,Yuki,91843,Canada,40,Canada,6,74.40,74400,553799,Slopestyle - Women,Slopestyle - Women,Senior,33829,216,Olympic Games,2,JO Hiver,2018,09/02/2018,25/02/2018,1088,Pyeongchang,162,Korea,6,Ski acrobatique,Freestyle Skiing,110,Ski freestyle,259,Ski freestyle,6634,Slopestyle - Femmes,Femmes,Individuel,1,1,0,0,1,58,Fédération Française de Ski,SKI,2024-06-07 14:48:22.793,2025-03-16 02:08:20.147
6199692,52817782,infostrada,18041706,-1,DEFREITAS,Mya,98155,St. Vincent & the Grenadines,238,St. Vincent & the Grenadines,59,28.57,28570,666562,50m Freestyle - Women,50m Freestyle - Women,Senior,33971,301,Olympic Games,1,JO été,2020,23/07/2021,08/08/2021,785,Tokyo,59,Japan,65,Natation,Swimming,355,Natation course,150,Natation course bassin de 50m,6637,50m Nage libre - Femmes,Femmes,Individuel,1,1,1,0,0,44,Fédération Française de Natation,NATATION,2024-06-07 14:48:22.793,2024-10-02 03:00:57.673
6195114,52844533,infostrada,4822877,-1,SUGIHARA,Aiko,94494,Japan,118,Japan,36,13.366,13366,555427,Uneven Bars - Women,Uneven Bars - Women,Senior,35911,488,Olympic Games,1,JO été,2020,23/07/2021,08/08/2021,785,Tokyo,59,Japan,26,Gymnastique artistique,Gymnastics - Artistic,310,Gymnastique artistique féminine,83,Gymnastique artistique féminine,1227,Barres asymétriques - Femmes,Femmes,Individuel,1,1,1,0,1,28,Fédération Française de Gymnastique,GYMNASTIQUE,2024-06-07 14:48:22.793,2025-03-29 02:04:14.400
6203469,34592943,infostrada,4865821,-1,NAVAKAUSKAS,Ignas,95172,Lithuania,134,Lithuania,9,37.075,37075,639467,K1 200m - Men,K1 200m - Men,Senior,28988,356,Olympic Games,1,JO été,2016,05/08/2016,21/08/2016,1145,Rio de Janeiro,53,Brazil,54,Canoë-Kayak - Course en ligne,Canoe/Kayak - Flatwater,397,Kayak,403,Course en ligne,274,K1 200m - Hommes,Hommes,Individuel,1,0,1,0,0,18,Fédération Française de Canoë-Kayak et Sports de Pagaie,CANOE-KAYAK,2024-06-07 14:48:22.793,2024-10-02 03:00:57.673
6199852,40340784,infostrada,10745881,-1,WANG,Qiang,94904,China,46,China,63,31/12/2055 3:00,211560,553798,Sprint Classic Style - Men,Sprint Classic Style - Men,Senior,33828,90,Olympic Games,2,JO Hiver,2018,09/02/2018,25/02/2018,1088,Pyeongchang,162,Korea,67,Ski de fond,Cross Country Skiing,108,Ski de fond,258,Ski de fond,632,Sprint Style classique - Hommes,Hommes,Individuel,1,1,0,0,0,58,Fédération Française de Ski,SKI,2024-06-07 14:48:22.793,2025-03-16 02:08:20.147
6215997,34513898,infostrada,4940714,-1,DENG,Shudi,91858,China,46,China,16,14.866,14866,547546,Pommel Horse - Men,Pommel Horse - Men,Senior,32737,488,Olympic Games,1,JO été,2016,05/08/2016,21/08/2016,1145,Rio de Janeiro,53,Brazil,26,Gymnastique artistique,Gymnastics - Artistic,311,Gymnastique artistique masculine,84,Gymnastique artistique Masculine,601,Cheval d'arçons - Hommes,Hommes,Individuel,1,1,1,0,1,28,Fédération Française de Gymnastique,GYMNASTIQUE,2024-06-07 14:48:22.793,2025-03-29 02:04:14.400
6199911,52820876,infostrada,17999468,-1,SOARES,Diogo,91777,Brazil,33,Brazil,54,12.800,12800,555426,Pommel Horse - Men,Pommel Horse - Men,Senior,35911,488,Olympic Games,1,JO été,2020,23/07/2021,08/08/2021,785,Tokyo,59,Japan,26,Gymnastique artistique,Gymnastics - Artistic,311,Gymnastique artistique masculine,84,Gymnastique artistique Masculine,601,Cheval d'arçons - Hommes,Hommes,Individuel,1,1,1,0,1,28,Fédération Française de Gymnastique,GYMNASTIQUE,2024-06-07 14:48:22.793,2025-01-02 02:01:03.210
6199957,52822402,infostrada,4710592,-1,LODADIO,Marco,94443,ITA,113,Italy,9,14.633,14633,559969,Rings - Men,Rings - Men,Senior,35911,488,Olympic Games,1,JO été,2020,23/07/2021,08/08/2021,785,Tokyo,59,Japan,26,Gymnastique artistique,Gymnastics - Artistic,311,Gymnastique artistique masculine,84,Gymnastique artistique Masculine,618,Anneaux - Hommes,Hommes,Individuel,1,1,1,0,1,28,Fédération Française de Gymnastique,GYMNASTIQUE,2024-06-07 14:48:22.793,2025-03-09 02:04:19.327
6191963,34329843,infostrada,4789969,-1,KOVACS,Joe,91849,United States,233,United States,2,21.78,21780,531455,Shot Put - Men,Shot Put - Men,Senior,30322,413,Olympic Games,1,JO été,2016,05/08/2016,21/08/2016,1145,Rio de Janeiro,53,Brazil,28,Athlétisme,Athletics,251,Athlétisme disciplines olympiques,13,Lancers,18,Poids - Hommes,Hommes,Individuel,1,1,1,0,1,9,Fédération Française d'Athlétisme,ATHLETISME,2024-06-07 14:48:22.793,2025-03-31 03:07:57.530
6191974,402868170,infostrada,NULL,NULL,NULL,NULL,115579,Logutenkova/Don Gregorius,230,Ukraine,41,68.943,68943,662408,Individual - Open,Individual - Open,Senior,29126,226,Olympic Games,1,JO été,2016,05/08/2016,21/08/2016,1145,Rio de Janeiro,53,Brazil,2,Equitation - Dressage,Equestrian - Dressage,29,Dressage,352,Dressage,6795,Individuel Dressage - Open,Open,Double,0,1,1,0,1,76,Fédération française d'Equitation,EQUITATION,2024-06-07 14:48:22.793,2024-10-02 03:00:57.673
6207624,402871167,infostrada,NULL,NULL,NULL,NULL,109768,Burling/Tuke,170,New Zealand,1,35,35000,537724,49er - Men,49er - Men,Senior,30131,299,Olympic Games,1,JO été,2016,05/08/2016,21/08/2016,1145,Rio de Janeiro,53,Brazil,1,Voile,Sailing,144,Dériveur,231,Haute performance,27,49er - Hommes,Hommes,Double,0,1,1,0,0,71,Fédération Française de Voile,VOILE,2024-06-07 14:48:22.793,2024-10-02 03:00:57.673
6208025,52688603,infostrada,18034056,237801,LARCHERON,Madeleine,95110,FRA,75,France,13,32.34,32340,550180,Park - Women,Park - Women,Senior,35916,3287,Olympic Games,1,JO été,2020,23/07/2021,08/08/2021,785,Tokyo,59,Japan,117,Skateboard,Skateboarding,246,Skateboard,170,Park,6981,Skate Park - Femmes,Femmes,Individuel,1,1,1,0,1,54,Fédération française de roller et skateboard,ROLLER ET SKATEBOARD,2024-06-07 14:48:22.793,2025-03-31 03:07:57.530
6208250,709663530,infostrada,2778188,-1,KENTCHADZE,Avtandil,9405,Georgia,85,Georgia,12,NULL,NULL,410202,74kg M OG - Men,74kg M OG - Men,Senior,35913,491,Olympic Games,1,JO été,2020,23/07/2021,08/08/2021,785,Tokyo,59,Japan,8,Lutte libre,Wrestling - Freestyle,262,Lutte,130,Lutte libre,1736,74kg LL - Hommes,Hommes,Individuel,1,1,1,0,0,42,Fédération Française de Lutte,LUTTE,2024-06-07 14:48:22.793,2024-10-02 03:00:57.673
6195752,34589590,infostrada,4667075,-1,ARMAS,Alina,91467,Namibia,158,Namibia,75,2:44,9860000,526074,Marathon - Women,Marathon - Women,Senior,30322,413,Olympic Games,1,JO été,2016,05/08/2016,21/08/2016,1145,Rio de Janeiro,53,Brazil,28,Athlétisme,Athletics,251,Athlétisme disciplines olympiques,14,Marathon,6617,Marathon - Femmes,Femmes,Individuel,1,1,1,0,0,9,Fédération Française d'Athlétisme,ATHLETISME,2024-06-07 14:48:22.793,2025-03-31 03:07:57.530
6195753,52807541,infostrada,4956909,-1,NICHOLAS,Jane,93825,Cook Islands,51,Cook Islands,21,151.95,151950,581093,C1 - Women,C1 - Women,Senior,35908,359,Olympic Games,1,JO été,2020,23/07/2021,08/08/2021,785,Tokyo,59,Japan,56,Canoë-Kayak - Slalom,Canoe/Kayak - Slalom,398,Canoë,42,Slalom,6756,C1 - Femmes,Femmes,Individuel,1,1,1,0,0,18,Fédération Française de Canoë-Kayak et Sports de Pagaie,CANOE-KAYAK,2024-06-07 14:48:22.793,2024-10-02 03:00:57.673
6200286,52677684,infostrada,4920660,-1,GUERRA,Javier,95223,Spain,69,Spain,33,2:16,8202000,553307,Marathon - Men,Marathon - Men,Senior,35870,413,Olympic Games,1,JO été,2020,23/07/2021,08/08/2021,785,Tokyo,59,Japan,28,Athlétisme,Athletics,251,Athlétisme disciplines olympiques,14,Marathon,154,Marathon - Hommes,Hommes,Individuel,1,1,1,0,0,9,Fédération Française d'Athlétisme,ATHLETISME,2024-06-07 14:48:22.793,2025-03-31 03:07:57.530
6195783,34489048,infostrada,4762035,-1,GEIS,Oliver,91640,Germany,87,Germany,17,572,572000,527662,25m Rapid Fire Pistol - Men,25m Rapid Fire Pistol - Men,Senior,29865,444,Olympic Games,1,JO été,2016,05/08/2016,21/08/2016,1145,Rio de Janeiro,53,Brazil,66,Tir,Shooting,137,Pistolet,217,25/12/1999,224,25m Pistolet tir rapide - Hommes,Hommes,Individuel,1,1,1,0,1,67,Fédération Française de Tir,TIR,2024-06-07 14:48:22.793,2025-03-16 02:08:20.147
6216117,709663594,infostrada,648285,-1,GUZMÁN LÓPEZ,Yusneylis,12406,Cuba,57,Cuba,12,NULL,NULL,410203,50kg - Women,50kg - Women,Senior,35913,491,Olympic Games,1,JO été,2020,23/07/2021,08/08/2021,785,Tokyo,59,Japan,8,Lutte libre,Wrestling - Freestyle,262,Lutte,128,Lutte féminine,6426,50kg - Femmes,Femmes,Individuel,1,1,1,0,0,42,Fédération Française de Lutte,LUTTE,2024-06-07 14:48:22.793,2025-03-16 02:08:20.147
6216466,40292914,infostrada,4733140,-1,HORISHIMA,Ikuma,92019,Japan,118,Japan,11,NULL,NULL,666516,Moguls - Men,Moguls - Men,Senior,33829,216,Olympic Games,2,JO Hiver,2018,09/02/2018,25/02/2018,1088,Pyeongchang,162,Korea,6,Ski acrobatique,Freestyle Skiing,110,Ski freestyle,259,Ski freestyle,119,Bosses - Hommes,Hommes,Individuel,1,1,0,0,1,58,Fédération Française de Ski,SKI,2024-06-07 14:48:22.793,2025-03-16 02:08:20.147
6200377,52810585,infostrada,7555668,-1,STUBBLETY-COOK,Zac,91357,Australia,13,Australia,1,31/05/2038 1:59,126380,554244,200m Breaststroke - Men,200m Breaststroke - Men,Senior,33971,301,Olympic Games,1,JO été,2020,23/07/2021,08/08/2021,785,Tokyo,59,Japan,65,Natation,Swimming,355,Natation course,150,Natation course bassin de 50m,321,200m Brasse - Hommes,Hommes,Individuel,1,1,1,0,0,44,Fédération Française de Natation,NATATION,2024-06-07 14:48:22.793,2024-10-02 03:00:57.673
6211961,40357508,infostrada,4670280,-1,POLTORANINA,Olga,94063,Kazakhstan,119,Kazakhstan,46,01/05/2036 22:00,2796500,570516,15km Individual - Women,15km Individual - Women,Senior,33827,88,Olympic Games,2,JO Hiver,2018,09/02/2018,25/02/2018,1088,Pyeongchang,162,Korea,41,Biathlon,Biathlon,109,Biathlon,246,Biathlon,6809,Individuel 15km - Femmes,Femmes,Individuel,1,1,0,0,0,58,Fédération Française de Ski,SKI,2024-06-07 14:48:22.793,2025-03-31 03:07:57.530
6192569,800925555,infostrada,NULL,NULL,NULL,NULL,21179,Broder/May,40,Canada,9,NULL,NULL,606997,Team - Women,Team - Women,Senior,32736,333,Olympic Games,1,JO été,2016,05/08/2016,21/08/2016,1145,Rio de Janeiro,53,Brazil,4,Beach Volley-ball,Beach Volleyball,151,Volley-ball de plage (beach volley),242,Beach volley,6512,Beach-Volley Equipe F,Femmes,Double,0,1,1,0,1,74,Fédération Française de Volley,VOLLEY BALL,2024-06-07 14:48:22.793,2025-03-31 03:07:57.530
6196165,34663976,infostrada,4890605,-1,TÓTH,Matej,91884,Slovakia,209,Slovakia,1,3:40,13258000,526557,50km Walk - Men,50km Walk - Men,Senior,30322,413,Olympic Games,1,JO été,2016,05/08/2016,21/08/2016,1145,Rio de Janeiro,53,Brazil,28,Athlétisme,Athletics,251,Athlétisme disciplines olympiques,15,Marche athlétique,15,50km Marche - Hommes,Hommes,Individuel,1,0,1,0,0,9,Fédération Française d'Athlétisme,ATHLETISME,2024-06-07 14:48:22.793,2025-03-31 03:07:57.530
6192597,40453555,infostrada,4815611,-1,PHILP,Trevor,95279,Canada,40,Canada,NULL,NULL,NULL,645832,Slalom - Men,Slalom - Men,Senior,33818,423,Olympic Games,2,JO Hiver,2018,09/02/2018,25/02/2018,1088,Pyeongchang,162,Korea,34,Ski alpin,Alpine Skiing,107,Ski alpin,257,Ski alpin,461,Slalom - Hommes,Hommes,Individuel,1,1,0,0,0,58,Fédération Française de Ski,SKI,2024-06-07 14:48:22.793,2025-03-16 02:08:20.147
6192657,40405427,infostrada,6197591,-1,DICKSON SOMMERS,Rodolfo Roberto,93127,Mexico,144,Mexico,48,30/11/2032 1:59,153690,549218,Giant Slalom - Men,Giant Slalom - Men,Senior,33818,423,Olympic Games,2,JO Hiver,2018,09/02/2018,25/02/2018,1088,Pyeongchang,162,Korea,34,Ski alpin,Alpine Skiing,107,Ski alpin,257,Ski alpin,310,Slalom géant - Hommes,Hommes,Individuel,1,1,0,0,0,58,Fédération Française de Ski,SKI,2024-06-07 14:48:22.793,2024-12-22 02:01:02.817
6208710,34473270,infostrada,4885072,-1,AHMED,Esraa,91470,Egypt,65,Egypt,7,216,216000,535453,63kg - Women,63kg - Women,Senior,29921,438,Olympic Games,1,JO été,2016,05/08/2016,21/08/2016,1145,Rio de Janeiro,53,Brazil,29,Haltérophilie,Weightlifting,45,Haltérophilie,89,Total Olympique,889517,63kg - Femmes,Femmes,Individuel,1,0,1,0,1,3,Fédération Française d'Haltérophilie-musculation,HALTEROPHILIE,2024-06-07 14:48:22.793,2024-10-02 03:00:57.673
6203547,34624618,infostrada,4694933,-1,PUERTA,Fabián,90471,Colombia,52,Colombia,5,NULL,NULL,639450,Keirin - Men,Keirin - Men,Senior,29128,337,Olympic Games,1,JO été,2016,05/08/2016,21/08/2016,1145,Rio de Janeiro,53,Brazil,13,Cyclisme - Piste,Cycling - Track,22,Piste,48,Sprint,265,Keirin - Hommes,Hommes,Individuel,1,1,1,0,0,21,Fédération Française de Cyclisme,CYCLISME,2024-06-07 14:48:22.793,2025-03-27 02:11:36.517
6204474,40484656,infostrada,4745768,-1,HALFVARSSON,Calle,94446,Sweden,211,Sweden,NULL,NULL,NULL,570518,50km Classic Style - Men,50km Classic Style - Men,Senior,33828,90,Olympic Games,2,JO Hiver,2018,09/02/2018,25/02/2018,1088,Pyeongchang,162,Korea,67,Ski de fond,Cross Country Skiing,108,Ski de fond,258,Ski de fond,253,50km Style classique - Hommes,Hommes,Individuel,1,1,0,0,0,58,Fédération Française de Ski,SKI,2024-06-07 14:48:22.793,2024-12-22 02:01:02.817
6200876,52685284,infostrada,4876817,-1,LUCZ,Dora,95242,Hungary,101,Hungary,6,39.442,39442,581096,K1 200m - Women,K1 200m - Women,Senior,35907,356,Olympic Games,1,JO été,2020,23/07/2021,08/08/2021,785,Tokyo,59,Japan,54,Canoë-Kayak - Course en ligne,Canoe/Kayak - Flatwater,397,Kayak,403,Course en ligne,6582,K1 200m - Femmes,Femmes,Individuel,1,0,1,0,0,18,Fédération Française de Canoë-Kayak et Sports de Pagaie,CANOE-KAYAK,2024-06-07 14:48:22.793,2024-10-02 03:00:57.673
6192873,52843251,infostrada,4946008,-1,THORSDOTTIR,Eythora,96969,Netherlands,161,Netherlands,36,52.899,52899,561058,Individual All-Around - Women,Individual All-Around - Women,Senior,35911,488,Olympic Games,1,JO été,2020,23/07/2021,08/08/2021,785,Tokyo,59,Japan,26,Gymnastique artistique,Gymnastics - Artistic,310,Gymnastique artistique féminine,83,Gymnastique artistique féminine,6540,Concours général - Femmes,Femmes,Individuel,1,1,1,0,1,28,Fédération Française de Gymnastique,GYMNASTIQUE,2024-06-07 14:48:22.793,2025-01-02 02:01:03.210
6192910,40435310,infostrada,4870310,-1,TOUTANT,Sébastien,94050,Canada,40,Canada,1,174.25,174250,645843,Big Air - Men,Big Air - Men,Senior,33830,93,Olympic Games,2,JO Hiver,2018,09/02/2018,25/02/2018,1088,Pyeongchang,162,Korea,23,Snowboard,Snowboard,111,Surf des neiges,260,Snowboard,889576,Big Air - Hommes,Hommes,Individuel,1,1,0,0,1,58,Fédération Française de Ski,SKI,2024-06-07 14:48:22.793,2025-03-16 02:08:20.147
6216991,600446739,infostrada,NULL,NULL,NULL,NULL,181,Poland,180,Poland,4,NULL,NULL,374343,Team - Men,Team - Men,Senior,32733,71,Olympic Games,1,JO été,2016,05/08/2016,21/08/2016,1145,Rio de Janeiro,53,Brazil,31,Handball,Handball,47,Handball,91,Handball,342,Handball Equipe H,Hommes,Equipe,0,1,1,0,0,29,Fédération Française de Handball,HANDBALL,2024-06-07 14:48:22.793,2024-10-02 03:00:57.673
6217163,704845160,infostrada,405870,-1,HOVHANNISYAN,Artur,10785,Armenia,10,Armenia,17,NULL,NULL,404703,Light Flyweight - Men,Light Flyweight - Men,Senior,32732,70,Olympic Games,1,JO été,2016,05/08/2016,21/08/2016,1145,Rio de Janeiro,53,Brazil,60,Boxe,Boxing,360,Boxe anglaise,37,Boxe anglaise,889500,Poids mi-mouche - Hommes (49kg),Hommes,Individuel,1,0,1,0,0,17,Fédération Française de Boxe,BOXE,2024-06-07 14:48:22.793,2024-10-02 03:00:57.673
6193053,52677711,infostrada,4710981,-1,BEKELE,Alemu,95288,Bahrain,34,Bahrain,NULL,NULL,NULL,553307,Marathon - Men,Marathon - Men,Senior,35870,413,Olympic Games,1,JO été,2020,23/07/2021,08/08/2021,785,Tokyo,59,Japan,28,Athlétisme,Athletics,251,Athlétisme disciplines olympiques,14,Marathon,154,Marathon - Hommes,Hommes,Individuel,1,1,1,0,0,9,Fédération Française d'Athlétisme,ATHLETISME,2024-06-07 14:48:22.793,2025-03-31 03:07:57.530
6204490,52860723,infostrada,4887619,-1,VANHOOF,Elke,93599,Belgium,20,Belgium,11,NULL,NULL,581089,Individual - Women,Individual - Women,Senior,35917,250,Olympic Games,1,JO été,2020,23/07/2021,08/08/2021,785,Tokyo,59,Japan,17,Cyclisme - BMX,BMX,25,BMX race,46,BMX race,6508,BMX Race - Femmes,Femmes,Individuel,1,1,1,0,0,21,Fédération Française de Cyclisme,CYCLISME,2024-06-07 14:48:22.793,2024-10-02 03:00:57.673
6204853,52796759,infostrada,17970627,-1,BERNAU,Madelynn,95182,United States,233,United States,7,119,119000,561103,Trap - Women,Trap - Women,Senior,35894,444,Olympic Games,1,JO été,2020,23/07/2021,08/08/2021,785,Tokyo,59,Japan,66,Tir,Shooting,275,Plateau,218,Fosse olympique,6631,Trap - Femmes,Femmes,Individuel,1,1,1,0,1,67,Fédération Française de Tir,TIR,2024-06-07 14:48:22.793,2024-10-02 03:00:57.673
6217280,709662616,infostrada,387252,-1,ARAI,Chizuru,10786,Japan,118,Japan,1,NULL,NULL,413652,70kg - Women,70kg - Women,Senior,35887,432,Olympic Games,1,JO été,2020,23/07/2021,08/08/2021,785,Tokyo,59,Japan,61,Judo,Judo,68,Judo,112,Judo,1042,70kg - Femmes,Femmes,Individuel,1,1,1,0,0,36,Fédération Française de Judo-Jujitsu Kendo et Disciplines Associées,JUDO,2024-06-07 14:48:22.793,2025-03-16 02:08:20.147
6217283,801456909,infostrada,NULL,NULL,NULL,NULL,8826,Hungary,101,Hungary,8,NULL,NULL,418693,Team Sabre - Women,Team Sabre - Women,Senior,35893,81,Olympic Games,1,JO été,2020,23/07/2021,08/08/2021,785,Tokyo,59,Japan,33,Escrime,Fencing,35,Sabre,68,Sabre,6548,Par équipes Sabre - Femmes,Femmes,Equipe,0,1,1,0,0,82,Fédération Française d'Escrime,ESCRIME,2024-06-07 14:48:22.793,2024-10-02 03:00:57.673
6193109,709661418,infostrada,212626,-1,MUÑOZ,Lino,12044,Mexico,144,Mexico,15,NULL,NULL,415191,Singles - Men,Singles - Men,Senior,35881,312,Olympic Games,1,JO été,2020,23/07/2021,08/08/2021,785,Tokyo,59,Japan,55,Badminton,Badminton,9,Badminton,92,Badminton,189,Simple - Hommes,Hommes,Individuel,1,1,1,0,0,10,Fédération Française de Badminton,BADMINTON,2024-06-07 14:48:22.793,2025-03-31 03:07:57.530
6193110,34623570,infostrada,4726006,-1,LEOTLELA,Gift,91331,South Africa,188,South Africa,43,20.59,20590,639441,200m - Men,200m - Men,Senior,30322,413,Olympic Games,1,JO été,2016,05/08/2016,21/08/2016,1145,Rio de Janeiro,53,Brazil,28,Athlétisme,Athletics,251,Athlétisme disciplines olympiques,18,Sprint,144,200m - Hommes,Hommes,Individuel,1,1,1,0,0,9,Fédération Française d'Athlétisme,ATHLETISME,2024-06-07 14:48:22.793,2025-03-31 03:07:57.530
6185633,704841341,infostrada,402781,-1,ALBOT,Radu,13345,Moldova,142,Moldova,17,NULL,NULL,402513,Singles - Men,Singles - Men,Senior,32727,23,Olympic Games,1,JO été,2016,05/08/2016,21/08/2016,1145,Rio de Janeiro,53,Brazil,68,Tennis,Tennis,130,Tennis,207,Tennis,5,Simple - Hommes,Hommes,Individuel,1,1,1,0,0,65,Fédération Française de Tennis,TENNIS,2024-06-07 14:48:22.793,2024-10-02 03:00:57.673
6185790,402864512,infostrada,NULL,NULL,NULL,NULL,93636,Russia,286,Russia,13,3000.00,3000000,526577,Team - Open,Team - Open,Senior,29118,240,Olympic Games,1,JO été,2016,05/08/2016,21/08/2016,1145,Rio de Janeiro,53,Brazil,14,Equitation - Concours complet - Three-Day Event,Equestrian - Three-Day Event,28,Concours complet,350,Concours complet,6684,Par équipes CCE - Open,Open,Equipe,0,1,1,0,0,76,Fédération française d'Equitation,EQUITATION,2024-06-07 14:48:22.793,2024-10-02 03:00:57.673
6208985,704823563,infostrada,283847,-1,KETOEV,Georgi,15962,Armenia,10,Armenia,14,NULL,NULL,399938,97kg - Men,97kg - Men,Senior,20763,491,Olympic Games,1,JO été,2016,05/08/2016,21/08/2016,1145,Rio de Janeiro,53,Brazil,8,Lutte libre,Wrestling - Freestyle,262,Lutte,130,Lutte libre,695,97kg LL - Hommes,Hommes,Individuel,1,1,1,0,0,42,Fédération Française de Lutte,LUTTE,2024-06-07 14:48:22.793,2024-10-02 03:00:57.673
6209233,704841560,infostrada,415188,-1,KASATKINA,Daria,10480,Russia,286,Russia,5,NULL,NULL,399928,Singles - Women,Singles - Women,Senior,32727,23,Olympic Games,1,JO été,2016,05/08/2016,21/08/2016,1145,Rio de Janeiro,53,Brazil,68,Tennis,Tennis,130,Tennis,207,Tennis,6466,Simple - Femmes,Femmes,Individuel,1,1,1,0,0,65,Fédération Française de Tennis,TENNIS,2024-06-07 14:48:22.793,2025-03-31 03:07:57.530
6205042,40384528,infostrada,4758194,-1,WIESTNER,Serafin,96387,Switzerland,207,Switzerland,24,10/12/1999 13:59,2280900,645830,15km Mass Start - Men,15km Mass Start - Men,Senior,33827,88,Olympic Games,2,JO Hiver,2018,09/02/2018,25/02/2018,1088,Pyeongchang,162,Korea,41,Biathlon,Biathlon,109,Biathlon,246,Biathlon,406,Mass Start 15km - Hommes,Hommes,Individuel,1,1,0,0,0,58,Fédération Française de Ski,SKI,2024-06-07 14:48:22.793,2025-03-31 03:07:57.530
6205050,34495934,infostrada,4690795,25311,MIGNON,Clément,89925,France,75,France,14,48.57,48570,662412,100m Freestyle - Men,100m Freestyle - Men,Senior,30060,301,Olympic Games,1,JO été,2016,05/08/2016,21/08/2016,1145,Rio de Janeiro,53,Brazil,65,Natation,Swimming,355,Natation course,150,Natation course bassin de 50m,179,100m Nage libre - Hommes,Hommes,Individuel,1,1,1,0,0,44,Fédération Française de Natation,NATATION,2024-06-07 14:48:22.793,2025-03-31 03:07:57.530
6185923,52790790,infostrada,3581594,-1,HORACKOVA,Marie,93114,Czech Republic,59,Czech Republic,33,NULL,NULL,554806,Individual - Women,Individual - Women,Senior,35891,435,Olympic Games,1,JO été,2020,23/07/2021,08/08/2021,785,Tokyo,59,Japan,10,Tir à l'arc,Archery,368,Tir à l'arc sur cibles,221,Arc classique,6501,Individuel - Femmes,Femmes,Individuel,1,1,1,0,1,68,Fédération Française de Tir à l'Arc,TIR A L'ARC,2024-06-07 14:48:22.793,2024-10-02 03:00:57.673
6205133,34589002,infostrada,4927632,-1,MASON,Michael,91425,Canada,40,Canada,18,2.26,2260,639438,High Jump - Men,High Jump - Men,Senior,30322,413,Olympic Games,1,JO été,2016,05/08/2016,21/08/2016,1145,Rio de Janeiro,53,Brazil,28,Athlétisme,Athletics,251,Athlétisme disciplines olympiques,17,Sauts,449,Hauteur - Hommes,Hommes,Individuel,1,1,1,0,1,9,Fédération Française d'Athlétisme,ATHLETISME,2024-06-07 14:48:22.793,2025-03-31 03:07:57.530
6201558,402869416,infostrada,NULL,NULL,NULL,NULL,102740,Ogar/Vadlau,14,Austria,9,92,92000,662390,30/11/2369,30/11/2369,Senior,30131,299,Olympic Games,1,JO été,2016,05/08/2016,21/08/2016,1145,Rio de Janeiro,53,Brazil,1,Voile,Sailing,144,Dériveur,231,Haute performance,6657,30/11/2369,Femmes,Double,0,0,1,0,0,71,Fédération Française de Voile,VOILE,2024-06-07 14:48:22.793,2024-10-02 03:00:57.673
6201603,40363417,infostrada,4692690,-1,PARSONS,Dominic,96920,Great Britain,82,Great Britain,3,22/12/2019 3:00,202200,553942,Individual - Men,Individual - Men,Senior,33832,465,Olympic Games,2,JO Hiver,2018,09/02/2018,25/02/2018,1088,Pyeongchang,162,Korea,9,Skeleton,Skeleton,153,Skeleton,328,Skeleton,271,Individuel - Hommes,Hommes,Individuel,1,1,0,0,0,80,Fédération Française des Sports de Glace,SPORTS DE GLACE,2024-06-07 14:48:22.793,2024-12-22 02:01:02.817
6205235,709662928,infostrada,392886,-1,KREJCÍKOVÁ,Barbora,17994,Czech Republic,59,Czech Republic,9,NULL,NULL,610832,Singles - Women,Singles - Women,Senior,35869,23,Olympic Games,1,JO été,2020,23/07/2021,08/08/2021,785,Tokyo,59,Japan,68,Tennis,Tennis,130,Tennis,207,Tennis,6466,Simple - Femmes,Femmes,Individuel,1,1,1,0,0,65,Fédération Française de Tennis,TENNIS,2024-06-07 14:48:22.793,2024-10-11 03:00:54.360
6213156,709662160,infostrada,306702,-1,ZAGUNIS,Mariel,12029,United States,233,United States,5,NULL,NULL,610827,Individual Sabre - Women,Individual Sabre - Women,Senior,35893,81,Olympic Games,1,JO été,2020,23/07/2021,08/08/2021,785,Tokyo,59,Japan,33,Escrime,Fencing,35,Sabre,68,Sabre,6547,Individuel Sabre - Femmes,Femmes,Individuel,1,1,1,0,0,82,Fédération Française d'Escrime,ESCRIME,2024-06-07 14:48:22.793,2024-10-02 03:00:57.673
6205324,34666509,infostrada,4858948,-1,BOUCHARD,Maxim,94084,Canada,40,Canada,19,398.15,398150,639434,10m Platform - Men,10m Platform - Men,Senior,20759,306,Olympic Games,1,JO été,2016,05/08/2016,21/08/2016,1145,Rio de Janeiro,53,Brazil,3,Plongeon,Diving,84,Plongeon,151,Plongeon,333,10m Plateforme - Hommes,Hommes,Individuel,1,1,1,0,1,44,Fédération Française de Natation,NATATION,2024-06-07 14:48:22.793,2024-10-02 03:00:57.673
6186171,40421732,infostrada,4837773,-1,MERKER-WALTER,Bianca,94088,Germany,87,Germany,18,NULL,NULL,553941,1000m - Women,1000m - Women,Senior,33831,220,Olympic Games,2,JO Hiver,2018,09/02/2018,25/02/2018,1088,Pyeongchang,162,Korea,21,Patinage de vitesse - Short Track,Short Track,400,Patinage de vitesse sur glace courte piste,288,Short track,6956,1000m - Femmes,Femmes,Individuel,1,1,0,0,0,80,Fédération Française des Sports de Glace,SPORTS DE GLACE,2024-06-07 14:48:22.793,2025-03-17 02:04:21.060
6205330,709662388,infostrada,7627845,-1,GRIGALASHVILI,Tato,8808,Georgia,85,Georgia,5,NULL,NULL,616361,81kg - Men,81kg - Men,Senior,35887,432,Olympic Games,1,JO été,2020,23/07/2021,08/08/2021,785,Tokyo,59,Japan,61,Judo,Judo,68,Judo,112,Judo,484,81kg - Hommes,Hommes,Individuel,1,1,1,0,0,36,Fédération Française de Judo-Jujitsu Kendo et Disciplines Associées,JUDO,2024-06-07 14:48:22.793,2024-10-02 03:00:57.673
6205362,34470871,infostrada,4845544,-1,ELZEINY,Sherin,91611,Egypt,65,Egypt,66,12.800,12800,644183,Beam - Women,Beam - Women,Senior,32737,488,Olympic Games,1,JO été,2016,05/08/2016,21/08/2016,1145,Rio de Janeiro,53,Brazil,26,Gymnastique artistique,Gymnastics - Artistic,310,Gymnastique artistique féminine,83,Gymnastique artistique féminine,1197,Poutre - Femmes,Femmes,Individuel,1,1,1,0,1,28,Fédération Française de Gymnastique,GYMNASTIQUE,2024-06-07 14:48:22.793,2025-01-02 02:01:03.210
6209670,404346054,infostrada,NULL,NULL,NULL,NULL,90517,Poland,180,Poland,5,630.8,630800,555873,10m Air Rifle - Team (Mixed) - Mixed,10m Air Rifle - Team (Mixed) - Mixed,Senior,35894,444,Olympic Games,1,JO été,2020,23/07/2021,08/08/2021,785,Tokyo,59,Japan,66,Tir,Shooting,136,Carabine,210,30/09/2000,809042,10m Carabine à air comprimé - Par équipes (Mixte) - Mixte,Mixte,Equipe,0,1,1,0,1,67,Fédération Française de Tir,TIR,2024-06-07 14:48:22.793,2025-03-16 02:08:20.147
6186226,34497455,infostrada,4719703,-1,OSMAN,Farida,92010,Egypt,65,Egypt,11,58.26,58260,535457,100m Butterfly - Women,100m Butterfly - Women,Senior,30060,301,Olympic Games,1,JO été,2016,05/08/2016,21/08/2016,1145,Rio de Janeiro,53,Brazil,65,Natation,Swimming,355,Natation course,150,Natation course bassin de 50m,6688,100m Papillon - Femmes,Femmes,Individuel,1,1,1,0,0,44,Fédération Française de Natation,NATATION,2024-06-07 14:48:22.793,2024-10-02 03:00:57.673
6213343,40326960,infostrada,4763927,-1,YARNOLD,Lizzy,96920,Great Britain,82,Great Britain,1,27/12/2027 3:00,207280,560612,Individual - Women,Individual - Women,Senior,33832,465,Olympic Games,2,JO Hiver,2018,09/02/2018,25/02/2018,1088,Pyeongchang,162,Korea,9,Skeleton,Skeleton,153,Skeleton,328,Skeleton,6972,Individuel - Femmes,Femmes,Individuel,1,1,0,0,0,80,Fédération Française des Sports de Glace,SPORTS DE GLACE,2024-06-07 14:48:22.793,2024-12-22 02:01:02.817
6201808,52795810,infostrada,4897721,-1,DIKEÇ,Yusuf,92561,Türkiye,226,Turkey,24,572,572000,667707,10m Air Pistol - Men,10m Air Pistol - Men,Senior,35894,444,Olympic Games,1,JO été,2020,23/07/2021,08/08/2021,785,Tokyo,59,Japan,66,Tir,Shooting,137,Pistolet,216,30/09/2000,379,10m Pistolet à air comprimé - Hommes,Hommes,Individuel,1,1,1,0,1,67,Fédération Française de Tir,TIR,2024-06-07 14:48:22.793,2025-03-16 02:08:20.147
6209671,34603505,infostrada,4747148,-1,ALKANA,Antonio,91331,South Africa,188,South Africa,17,13.55,13550,639440,110m Hurdles - Men,110m Hurdles - Men,Senior,30322,413,Olympic Games,1,JO été,2016,05/08/2016,21/08/2016,1145,Rio de Janeiro,53,Brazil,28,Athlétisme,Athletics,251,Athlétisme disciplines olympiques,12,Haies,441,110m Haies - Hommes,Hommes,Individuel,1,1,1,0,0,9,Fédération Française d'Athlétisme,ATHLETISME,2024-06-07 14:48:22.793,2025-03-31 03:07:57.530
6186237,52844806,infostrada,5287611,-1,KOVACS,Zsofia,96368,Hungary,101,Hungary,14,14.433,14433,555427,Uneven Bars - Women,Uneven Bars - Women,Senior,35911,488,Olympic Games,1,JO été,2020,23/07/2021,08/08/2021,785,Tokyo,59,Japan,26,Gymnastique artistique,Gymnastics - Artistic,310,Gymnastique artistique féminine,83,Gymnastique artistique féminine,1227,Barres asymétriques - Femmes,Femmes,Individuel,1,1,1,0,1,28,Fédération Française de Gymnastique,GYMNASTIQUE,2024-06-07 14:48:22.793,2025-01-02 02:01:03.210
6218014,403347343,infostrada,NULL,NULL,NULL,NULL,94058,Romania,187,Romania,18,18/12/1997 3:00,198980,553796,2-Man Competition - Men,2-Man Competition - Men,Senior,33822,447,Olympic Games,2,JO Hiver,2018,09/02/2018,25/02/2018,1088,Pyeongchang,162,Korea,30,Bobsleigh,Bobsleigh,117,Bobsleigh,322,Bobsleigh,391,2-Man Competition - Hommes,Hommes,Equipe,0,1,0,0,0,80,Fédération Française des Sports de Glace,SPORTS DE GLACE,2024-06-07 14:48:22.793,2025-03-31 03:07:57.530
6205502,34690076,infostrada,4863029,-1,KAUANIVI,Mynhardt,91467,Namibia,158,Namibia,69,2:20,8445000,535452,Marathon - Men,Marathon - Men,Senior,30322,413,Olympic Games,1,JO été,2016,05/08/2016,21/08/2016,1145,Rio de Janeiro,53,Brazil,28,Athlétisme,Athletics,251,Athlétisme disciplines olympiques,14,Marathon,154,Marathon - Hommes,Hommes,Individuel,1,1,1,0,0,9,Fédération Française d'Athlétisme,ATHLETISME,2024-06-07 14:48:22.793,2025-03-31 03:07:57.530
6213435,34570880,infostrada,4976514,-1,DACRES,Fedrick,95237,Jamaica,115,Jamaica,34,50.69,50690,527666,Discus Throw - Men,Discus Throw - Men,Senior,30322,413,Olympic Games,1,JO été,2016,05/08/2016,21/08/2016,1145,Rio de Janeiro,53,Brazil,28,Athlétisme,Athletics,251,Athlétisme disciplines olympiques,13,Lancers,149,Disque - Hommes,Hommes,Individuel,1,1,1,0,1,9,Fédération Française d'Athlétisme,ATHLETISME,2024-06-07 14:48:22.793,2025-03-31 03:07:57.530
6219634,40418563,infostrada,4833587,-1,DEMIDOVA,Valeria,170773,Olympic Athlete from Russia,311,Olympic Athlete from Russia,6,80.60,80600,550000,Halfpipe - Women,Halfpipe - Women,Senior,33829,216,Olympic Games,2,JO Hiver,2018,09/02/2018,25/02/2018,1088,Pyeongchang,162,Korea,6,Ski acrobatique,Freestyle Skiing,110,Ski freestyle,259,Ski freestyle,894187,Halfpipe - Femmes,Femmes,Individuel,1,1,0,0,1,58,Fédération Française de Ski,SKI,2024-06-07 14:48:22.793,2024-12-22 02:01:02.817
6213462,52677075,infostrada,4794629,-1,SCOTT,Marc,92761,Great Britain,82,Great Britain,18,30/11/2038 13:00,819610,667221,5000m - Men,5000m - Men,Senior,35870,413,Olympic Games,1,JO été,2020,23/07/2021,08/08/2021,785,Tokyo,59,Japan,28,Athlétisme,Athletics,251,Athlétisme disciplines olympiques,11,Fond,147,5000m - Hommes,Hommes,Individuel,1,1,1,0,0,9,Fédération Française d'Athlétisme,ATHLETISME,2024-06-07 14:48:22.793,2025-03-31 03:07:57.530
6219643,52690076,infostrada,4928010,-1,SANTOS,Melanie,92102,Portugal,181,Portugal,22,2:02,7326000,560644,Olympic Distance - Women,Olympic Distance - Women,Senior,35890,78,Olympic Games,1,JO été,2020,23/07/2021,08/08/2021,785,Tokyo,59,Japan,11,Triathlon,Triathlon,142,Triathlon,225,Formats olympiques,6558,Distance Olympique - Femmes,Femmes,Individuel,1,1,1,0,0,69,Fédération Française de Triathlon et Disciplines Enchaînées,TRIATHLON,2024-06-07 14:48:22.793,2024-10-02 03:00:57.673
6218174,40301636,infostrada,4966008,-1,REPILOV,Roman,164517,Olympic Athlete from Russia,311,Olympic Athlete from Russia,8,31/10/2008 3:00,191108,665335,Single - Men,Single - Men,Senior,33823,327,Olympic Games,2,JO Hiver,2018,09/02/2018,25/02/2018,1088,Pyeongchang,162,Korea,44,Luge,Luge,119,Luge,325,Luge,91,Single - Hommes,Hommes,Individuel,1,1,0,0,0,80,Fédération Française des Sports de Glace,SPORTS DE GLACE,2024-06-07 14:48:22.793,2024-12-22 02:01:02.817
6197561,34571039,infostrada,4725862,-1,THOMAS-DODD,Danniel,95237,Jamaica,115,Jamaica,25,16.99,16990,529274,Shot Put - Women,Shot Put - Women,Senior,30322,413,Olympic Games,1,JO été,2016,05/08/2016,21/08/2016,1145,Rio de Janeiro,53,Brazil,28,Athlétisme,Athletics,251,Athlétisme disciplines olympiques,13,Lancers,6843,Poids - Femmes,Femmes,Individuel,1,1,1,0,1,9,Fédération Française d'Athlétisme,ATHLETISME,2024-06-07 14:48:22.793,2025-03-31 03:07:57.530
6218175,40292881,infostrada,4958234,-1,GRAHAM,Matt,91375,Australia,13,Australia,2,82.57,82570,666516,Moguls - Men,Moguls - Men,Senior,33829,216,Olympic Games,2,JO Hiver,2018,09/02/2018,25/02/2018,1088,Pyeongchang,162,Korea,6,Ski acrobatique,Freestyle Skiing,110,Ski freestyle,259,Ski freestyle,119,Bosses - Hommes,Hommes,Individuel,1,1,0,0,1,58,Fédération Française de Ski,SKI,2024-06-07 14:48:22.793,2025-03-16 02:08:20.147
6186424,40453517,infostrada,4776601,-1,DENIZ,Serdar,91753,Türkiye,226,Turkey,NULL,NULL,NULL,645832,Slalom - Men,Slalom - Men,Senior,33818,423,Olympic Games,2,JO Hiver,2018,09/02/2018,25/02/2018,1088,Pyeongchang,162,Korea,34,Ski alpin,Alpine Skiing,107,Ski alpin,257,Ski alpin,461,Slalom - Hommes,Hommes,Individuel,1,1,0,0,0,58,Fédération Française de Ski,SKI,2024-06-07 14:48:22.793,2024-12-22 02:01:02.817
6186467,34513120,infostrada,4988625,-1,SAVSEK,Benjamin,94020,Slovenia,210,Slovenia,6,99.36,99360,535470,C1 - Men,C1 - Men,Senior,28999,359,Olympic Games,1,JO été,2016,05/08/2016,21/08/2016,1145,Rio de Janeiro,53,Brazil,56,Canoë-Kayak - Slalom,Canoe/Kayak - Slalom,398,Canoë,42,Slalom,595,C1 - Hommes,Hommes,Individuel,1,1,1,0,0,18,Fédération Française de Canoë-Kayak et Sports de Pagaie,CANOE-KAYAK,2024-06-07 14:48:22.793,2024-10-02 03:00:57.673
6201953,709662358,infostrada,13500159,-1,MAKHMADBEKOV,Somon,12968,Tajikistan,219,Tajikistan,9,NULL,NULL,609329,73kg - Men,73kg - Men,Senior,35887,432,Olympic Games,1,JO été,2020,23/07/2021,08/08/2021,785,Tokyo,59,Japan,61,Judo,Judo,68,Judo,112,Judo,49,73kg - Hommes,Hommes,Individuel,1,1,1,0,0,36,Fédération Française de Judo-Jujitsu Kendo et Disciplines Associées,JUDO,2024-06-07 14:48:22.793,2024-10-02 03:00:57.673
6202144,402864394,infostrada,NULL,NULL,NULL,NULL,131921,Appel/Iberon Jmen,33,Brazil,39,137.60,137600,537750,Individual - Open,Individual - Open,Senior,29118,240,Olympic Games,1,JO été,2016,05/08/2016,21/08/2016,1145,Rio de Janeiro,53,Brazil,14,Equitation - Concours complet - Three-Day Event,Equestrian - Three-Day Event,28,Concours complet,350,Concours complet,6683,Individuel CCE - Open,Open,Double,0,1,1,0,0,76,Fédération française d'Equitation,EQUITATION,2024-06-07 14:48:22.793,2024-10-02 03:00:57.673
6219935,52860455,infostrada,4923543,-1,CÁBELICKÁ,Jitka,91402,Czech Republic,59,Czech Republic,22,1:25,5100000,581098,Cross Country - Women,Cross Country - Women,Senior,35901,462,Olympic Games,1,JO été,2020,23/07/2021,08/08/2021,785,Tokyo,59,Japan,12,Cyclisme - VTT,Mountain Bike,256,VTT,54,Cross-country,6696,Cross Country - Femmes,Femmes,Individuel,1,1,1,0,0,21,Fédération Française de Cyclisme,CYCLISME,2024-06-07 14:48:22.793,2024-10-02 03:00:57.673
6213493,402864222,infostrada,NULL,NULL,NULL,NULL,94049,Netherlands,161,Netherlands,6,31/07/2037 6:00,368370,526566,Eight - Women,Eight - Women,Senior,29998,315,Olympic Games,1,JO été,2016,05/08/2016,21/08/2016,1145,Rio de Janeiro,53,Brazil,15,Aviron,Rowing,8,Aviron,25,Aviron,6536,Huit avec barreur - Femmes,Femmes,Equipe,0,1,1,0,0,79,Fédération Française d'Aviron,AVIRON,2024-06-07 14:48:22.793,2025-03-31 03:07:57.530
6213742,704841296,infostrada,267242,-1,SUGITA,Yuichi,12655,Japan,118,Japan,17,NULL,NULL,402513,Singles - Men,Singles - Men,Senior,32727,23,Olympic Games,1,JO été,2016,05/08/2016,21/08/2016,1145,Rio de Janeiro,53,Brazil,68,Tennis,Tennis,130,Tennis,207,Tennis,5,Simple - Hommes,Hommes,Individuel,1,1,1,0,0,65,Fédération Française de Tennis,TENNIS,2024-06-07 14:48:22.793,2025-03-16 02:08:20.147
6202221,34584480,infostrada,4943646,-1,PALFRAMAN,Justine,91331,South Africa,188,South Africa,50,53.96,53960,531456,400m - Women,400m - Women,Senior,30322,413,Olympic Games,1,JO été,2016,05/08/2016,21/08/2016,1145,Rio de Janeiro,53,Brazil,28,Athlétisme,Athletics,251,Athlétisme disciplines olympiques,18,Sprint,6528,400m - Femmes,Femmes,Individuel,1,1,1,0,0,9,Fédération Française d'Athlétisme,ATHLETISME,2024-06-07 14:48:22.793,2025-03-31 03:07:57.530
6205792,600650234,infostrada,NULL,NULL,NULL,NULL,135,Argentina,9,Argentina,3,NULL,NULL,375132,Team - Men,Team - Men,Senior,35873,289,Olympic Games,1,JO été,2020,23/07/2021,08/08/2021,785,Tokyo,59,Japan,53,Volley-ball,Volleyball,150,Volley-ball,241,Volley ball,455,Volley-Ball Equipe H,Hommes,Equipe,0,1,1,0,0,74,Fédération Française de Volley,VOLLEY BALL,2024-06-07 14:48:22.793,2024-10-02 03:00:57.673
6205892,402863985,infostrada,NULL,NULL,NULL,NULL,92089,Lithuania,134,Lithuania,9,15/12/2015 6:00,375160,662410,Quadruple Sculls - Men,Quadruple Sculls - Men,Senior,29998,315,Olympic Games,1,JO été,2016,05/08/2016,21/08/2016,1145,Rio de Janeiro,53,Brazil,15,Aviron,Rowing,8,Aviron,25,Aviron,203,Quatre de couple - Hommes,Hommes,Equipe,0,1,1,0,0,79,Fédération Française d'Aviron,AVIRON,2024-06-07 14:48:22.793,2025-03-31 03:07:57.530
6209925,600448147,infostrada,NULL,NULL,NULL,NULL,6798,Colombia,52,Colombia,12,NULL,NULL,374422,Team - Women,Team - Women,Senior,32738,2973,Olympic Games,1,JO été,2016,05/08/2016,21/08/2016,1145,Rio de Janeiro,53,Brazil,72,Rugby à 7,Rugby Sevens,245,Rugby à 7,172,Rugby à 7,6465,Rugby à 7 Equipe F,Femmes,Equipe,0,1,1,0,0,55,Fédération Française de Rugby,RUGBY,2024-06-07 14:48:22.793,2025-03-21 02:11:52.260
6210099,404337832,infostrada,NULL,NULL,NULL,NULL,92897,Israel,111,Israel,8,30/11/2043 3:00,224770,561063,4 x 100m Medley Relay - Mixed,4 x 100m Medley Relay - Mixed,Senior,33971,301,Olympic Games,1,JO été,2020,23/07/2021,08/08/2021,785,Tokyo,59,Japan,65,Natation,Swimming,355,Natation course,150,Natation course bassin de 50m,6574,Relais 4 x 100m 4 nages - Mixte,Mixte,Equipe,0,1,1,0,0,44,Fédération Française de Natation,NATATION,2024-06-07 14:48:22.793,2024-10-02 03:00:57.673
6218441,34513592,infostrada,4783662,-1,FISCHER,Murilo,95048,Brazil,33,Brazil,NULL,6:41,24112000,529266,Road race - Men,Road race - Men,Senior,26519,1203,Olympic Games,1,JO été,2016,05/08/2016,21/08/2016,1145,Rio de Janeiro,53,Brazil,37,Cyclisme - Route,Cycling - Road,23,Route,50,Course en ligne,1,Course sur route - Hommes,Hommes,Individuel,1,1,1,0,0,21,Fédération Française de Cyclisme,CYCLISME,2024-06-07 14:48:22.793,2025-03-20 02:07:27.300
6213841,34489160,infostrada,4834272,-1,ELLER,Glenn,95182,United States,233,United States,14,131,131000,537723,Double Trap - Men,Double Trap - Men,Senior,29865,444,Olympic Games,1,JO été,2016,05/08/2016,21/08/2016,1145,Rio de Janeiro,53,Brazil,66,Tir,Shooting,275,Plateau,218,Fosse olympique,889398,Double Trap - Hommes,Hommes,Individuel,1,0,1,0,1,67,Fédération Française de Tir,TIR,2024-06-07 14:48:22.793,2024-10-02 03:00:57.673
6210187,34470555,infostrada,4975594,-1,FASANA,Erika,94443,ITA,113,Italy,37,14.200,14200,665417,Uneven Bars - Women,Uneven Bars - Women,Senior,32737,488,Olympic Games,1,JO été,2016,05/08/2016,21/08/2016,1145,Rio de Janeiro,53,Brazil,26,Gymnastique artistique,Gymnastics - Artistic,310,Gymnastique artistique féminine,83,Gymnastique artistique féminine,1227,Barres asymétriques - Femmes,Femmes,Individuel,1,1,1,0,1,28,Fédération Française de Gymnastique,GYMNASTIQUE,2024-06-07 14:48:22.793,2025-03-09 02:04:19.327
6197947,34470923,infostrada,4886643,-1,BILES,Simone,92027,United States,233,United States,3,14.733,14733,644183,Beam - Women,Beam - Women,Senior,32737,488,Olympic Games,1,JO été,2016,05/08/2016,21/08/2016,1145,Rio de Janeiro,53,Brazil,26,Gymnastique artistique,Gymnastics - Artistic,310,Gymnastique artistique féminine,83,Gymnastique artistique féminine,1197,Poutre - Femmes,Femmes,Individuel,1,1,1,0,1,28,Fédération Française de Gymnastique,GYMNASTIQUE,2024-06-07 14:48:22.793,2025-01-02 02:01:03.210
6186734,52820394,infostrada,4806822,-1,GEORGIOU,Marios,94641,Cyprus,58,Cyprus,52,13.666,13666,667660,Parallel Bars - Men,Parallel Bars - Men,Senior,35911,488,Olympic Games,1,JO été,2020,23/07/2021,08/08/2021,785,Tokyo,59,Japan,26,Gymnastique artistique,Gymnastics - Artistic,311,Gymnastique artistique masculine,84,Gymnastique artistique Masculine,575,Barres parallèles - Hommes,Hommes,Individuel,1,1,1,0,1,28,Fédération Française de Gymnastique,GYMNASTIQUE,2024-06-07 14:48:22.793,2025-01-02 02:01:03.210
